"","month","wy","load","yield","load_yield_adj","pH_mean","gpp_mean","precip_mean","cc_cumulative_precip","cc_precip_sd_year","cc_precip_sd_space","cc_temp_mean","cc_temp_sd_year","cc_temp_sd_space","vb_fpar_max","vb_fpar_min","vb_fpar_mean","vb_fpar_sd_year","vb_fpar_sd_space","va_gpp_sum","va_gpp_sd_year","va_gpp_sd_space","vb_lai_max","vb_lai_sd_year","vb_lai_sd_space"
"1",1,2021,238601920916.855,3947721.66,60440.4113224271,5.92622119815668,7.86088709677419,2.124838766702,237.718,5.4748,0,-2.6067,7.0167,0,47,18,29.1,8.7363,2.4527,174.8958,6.0277,13.7716,10,2.2998,0.4466
"2",2,2021,269919972941.363,3565684.08,75699.3516210114,6.10964285714286,2.01116071428571,2.68239285630157,237.718,5.4748,0,-2.6067,7.0167,0,47,18,29.1,8.7363,2.4527,174.8958,6.0277,13.7716,10,2.2998,0.4466
"3",3,2021,231325847951.442,3947721.66,58597.3044389969,5.82073732718894,2,2.07593551374251,237.718,5.4748,0,-2.6067,7.0167,0,47,18,29.1,8.7363,2.4527,174.8958,6.0277,13.7716,10,2.2998,0.4466
"4",4,2021,214111873599.628,3820375.8,56044.7151821107,5.74107142857143,2,7.33243342240651,237.718,5.4748,0,-2.6067,7.0167,0,47,18,29.1,8.7363,2.4527,174.8958,6.0277,13.7716,10,2.2998,0.4466
"5",5,2021,188022681921.917,3056300.64,61519.6945814587,5.91041666666667,2,13.3990001678467,237.718,5.4748,0,-2.6067,7.0167,0,47,18,29.1,8.7363,2.4527,174.8958,6.0277,13.7716,10,2.2998,0.4466
"6",10,2021,268077374667.289,3947721.66,67906.858121119,6.19060483870968,294.711693548387,5.4672258231909,237.718,5.4748,0,-2.6067,7.0167,0,47,18,29.1,8.7363,2.4527,174.8958,6.0277,13.7716,10,2.2998,0.4466
"7",11,2021,221768773356.126,3820375.8,58048.9420323847,5.88004166666667,71.09375,2.5109333370463,237.718,5.4748,0,-2.6067,7.0167,0,47,18,29.1,8.7363,2.4527,174.8958,6.0277,13.7716,10,2.2998,0.4466
"8",12,2021,220612901853.177,3947721.66,55883.6009358313,5.74797235023041,15.0060483870968,5.61538700795462,237.718,5.4748,0,-2.6067,7.0167,0,47,18,29.1,8.7363,2.4527,174.8958,6.0277,13.7716,10,2.2998,0.4466
"9",1,2020,1383003550220.99,24902293.11,55537.1966795144,5.85397465437788,12.25,2.22467739447471,1233.597,8.1737,0,7.2172,10.2374,0,94,8,49.5122,26.185,2.4923,14512.9932,663.8232,39.6517,65,20.2793,1.0595
"10",2,2020,724632754216.437,11166115.86,64895.6864949131,6.0307881773399,18.0307481163793,3.20417238031675,1233.597,8.1737,0,7.2172,10.2374,0,94,8,49.5122,26.185,2.4923,14512.9932,663.8232,39.6517,65,20.2793,1.0595
"11",3,2020,3146471331584.58,51633359.13,60938.7300110099,5.82410138248848,113.842875536694,2.85299998467728,1233.597,8.1737,0,7.2172,10.2374,0,94,8,49.5122,26.185,2.4923,14512.9932,663.8232,39.6517,65,20.2793,1.0595
"12",4,2020,4520610091145.18,79817712.09,56636.6784110258,5.67066666666667,448.38316154875,5.29686673606435,1233.597,8.1737,0,7.2172,10.2374,0,94,8,49.5122,26.185,2.4923,14512.9932,663.8232,39.6517,65,20.2793,1.0595
"13",5,2020,1811162992935.86,30948138.72,58522.5176002398,5.895,1228.83655942339,2.7305161442848,1233.597,8.1737,0,7.2172,10.2374,0,94,8,49.5122,26.185,2.4923,14512.9932,663.8232,39.6517,65,20.2793,1.0595
"14",6,2020,345871883114.553,3830165.73,90302.0671939836,6.245,1633.09375,1.82876664847136,1233.597,8.1737,0,7.2172,10.2374,0,94,8,49.5122,26.185,2.4923,14512.9932,663.8232,39.6517,65,20.2793,1.0595
"15",7,2020,371549533692.168,3947721.66,94117.4595607553,6.32148148148148,1568.18346774194,4.65109680923483,1233.597,8.1737,0,7.2172,10.2374,0,94,8,49.5122,26.185,2.4923,14512.9932,663.8232,39.6517,65,20.2793,1.0595
"16",9,2020,233914413172.088,3820375.8,61228.1161377077,6.08,788.289583333333,1.72656659632921,1233.597,8.1737,0,7.2172,10.2374,0,94,8,49.5122,26.185,2.4923,14512.9932,663.8232,39.6517,65,20.2793,1.0595
"17",10,2020,1159446679207.73,20136126.33,57580.4233746945,6.2108064516129,320.258064516129,4.66732259021111,1233.597,8.1737,0,7.2172,10.2374,0,94,8,49.5122,26.185,2.4923,14512.9932,663.8232,39.6517,65,20.2793,1.0595
"18",11,2020,2349473072433.77,41888020.6943478,56089.3790990414,5.90620833333333,50.325,4.29723327557246,1233.597,8.1737,0,7.2172,10.2374,0,94,8,49.5122,26.185,2.4923,14512.9932,663.8232,39.6517,65,20.2793,1.0595
"19",12,2020,2576031437499.32,46955288.76,54861.369305299,5.80568548387097,8.28225806451613,4.2190967124639,1233.597,8.1737,0,7.2172,10.2374,0,94,8,49.5122,26.185,2.4923,14512.9932,663.8232,39.6517,65,20.2793,1.0595
"20",1,2019,2021645790843.95,34542621.3,58526.1255446165,5.82546082949309,3.48790322580645,5.66641930049105,1502.821,8.1161,0,5.6427,10.9055,0,91,18,49.75,25.3,3.1976,15170.9375,701.3669,37.9726,52,18.098,2.202
"21",2,2019,1217210477626.29,20644976.85,58959.1592410186,5.85887755102041,9.88392857142857,2.63078569807112,1502.821,8.1161,0,5.6427,10.9055,0,91,18,49.75,25.3,3.1976,15170.9375,701.3669,37.9726,52,18.098,2.202
"22",3,2019,1014724448825.27,16831501.08,60287.2223934333,5.94264976958525,72.1403849798387,1.40983872307885,1502.821,8.1161,0,5.6427,10.9055,0,91,18,49.75,25.3,3.1976,15170.9375,701.3669,37.9726,52,18.098,2.202
"23",4,2019,6914256303723.91,155446879.05,44479.865700616,5.5625,477.962983964167,5.80949998299281,1502.821,8.1161,0,5.6427,10.9055,0,91,18,49.75,25.3,3.1976,15170.9375,701.3669,37.9726,52,18.098,2.202
"24",5,2019,3212284119037.47,59502575.76,53985.6313446669,5.69325806451613,1236.51312132601,5.33480642868146,1502.821,8.1161,0,5.6427,10.9055,0,91,18,49.75,25.3,3.1976,15170.9375,701.3669,37.9726,52,18.098,2.202
"25",6,2019,2283264317191.4,37228362.27,61331.3124179877,5.96613333333333,1642.88746109063,5.4400999824206,1502.821,8.1161,0,5.6427,10.9055,0,91,18,49.75,25.3,3.1976,15170.9375,701.3669,37.9726,52,18.098,2.202
"26",7,2019,768714436192.137,11461230.12,67070.8491273306,6.16232718894009,1710.4414531379,3.97748388398078,1502.821,8.1161,0,5.6427,10.9055,0,91,18,49.75,25.3,3.1976,15170.9375,701.3669,37.9726,52,18.098,2.202
"27",8,2019,364157199847.299,4298940.63,84708.5901363795,6.29497119815668,1511.5685483871,3.21722582847841,1502.821,8.1161,0,5.6427,10.9055,0,91,18,49.75,25.3,3.1976,15170.9375,701.3669,37.9726,52,18.098,2.202
"28",9,2019,493940346968.902,8004725.07,61706.0976672496,6.265125,954.2375,2.64986663957437,1502.821,8.1161,0,5.6427,10.9055,0,91,18,49.75,25.3,3.1976,15170.9375,701.3669,37.9726,52,18.098,2.202
"29",10,2019,1840920642293.91,32666903.97,56354.3041600923,5.94035483870968,243.709677419355,4.62270972156717,1502.821,8.1161,0,5.6427,10.9055,0,91,18,49.75,25.3,3.1976,15170.9375,701.3669,37.9726,52,18.098,2.202
"30",11,2019,3060239479159.75,54311294.2147826,56346.281623442,5.76471666666667,51.7916666666667,7.02383329073588,1502.821,8.1161,0,5.6427,10.9055,0,91,18,49.75,25.3,3.1976,15170.9375,701.3669,37.9726,52,18.098,2.202
"31",12,2019,3911593516146.91,65667866.22,59566.3258349573,5.80266129032258,4.44354838709677,3.64754836976288,1502.821,8.1161,0,5.6427,10.9055,0,91,18,49.75,25.3,3.1976,15170.9375,701.3669,37.9726,52,18.098,2.202
"32",1,2018,3192446378812,54178640.25,58924.4463146525,5.7536866359447,5.63306451612903,4.20329032338134,1378.05,7.7328,0,6.0045,11.0485,0,93,19,55.5405,26.5389,3.4389,14936.8722,706.5061,34.9443,58,21.5128,2.4003
"33",2,2018,1599537476848.26,27444916.65,58281.7392833386,5.76441326530612,22.9193249870536,2.84585712570697,1378.05,7.7328,0,6.0045,11.0485,0,93,19,55.5405,26.5389,3.4389,14936.8722,706.5061,34.9443,58,21.5128,2.4003
"34",3,2018,1851149693853.09,32223646.35,57446.9342713937,5.78794162826421,57.3923465070565,2.40632256961638,1378.05,7.7328,0,6.0045,11.0485,0,93,19,55.5405,26.5389,3.4389,14936.8722,706.5061,34.9443,58,21.5128,2.4003
"35",4,2018,4416645963814.83,82676410.89,53420.8720029118,5.58422222222222,437.214662841458,4.20396665607889,1378.05,7.7328,0,6.0045,11.0485,0,93,19,55.5405,26.5389,3.4389,14936.8722,706.5061,34.9443,58,21.5128,2.4003
"36",5,2018,1353860452171.57,23642073.24,57264.8785251613,5.85677419354839,1315.9104926129,1.57377419164104,1378.05,7.7328,0,6.0045,11.0485,0,93,19,55.5405,26.5389,3.4389,14936.8722,706.5061,34.9443,58,21.5128,2.4003
"37",6,2018,644730903325.129,11096868.81,58100.2546181429,6.092125,1643.09375,4.14006664802631,1378.05,7.7328,0,6.0045,11.0485,0,93,19,55.5405,26.5389,3.4389,14936.8722,706.5061,34.9443,58,21.5128,2.4003
"38",7,2018,1894507264106.49,35635186.23,53163.9501440734,5.9717569124424,1648.89516129032,4.61506453925563,1378.05,7.7328,0,6.0045,11.0485,0,93,19,55.5405,26.5389,3.4389,14936.8722,706.5061,34.9443,58,21.5128,2.4003
"39",8,2018,705850042642.549,9836847.18,71755.7190557625,6.10529953917051,1534.75403225806,3.29190320161081,1378.05,7.7328,0,6.0045,11.0485,0,93,19,55.5405,26.5389,3.4389,14936.8722,706.5061,34.9443,58,21.5128,2.4003
"40",9,2018,334217892740.962,4907261.49,68106.8032388391,6.29616666666667,907.120833333333,2.73836668351044,1378.05,7.7328,0,6.0045,11.0485,0,93,19,55.5405,26.5389,3.4389,14936.8722,706.5061,34.9443,58,21.5128,2.4003
"41",10,2018,2894102137305.6,47899327.32,60420.5173482089,6.25064516129032,350.097397677419,8.65441940099962,1378.05,7.7328,0,6.0045,11.0485,0,93,19,55.5405,26.5389,3.4389,14936.8722,706.5061,34.9443,58,21.5128,2.4003
"42",11,2018,1910954242806.83,38833596.7721739,49208.7883081723,5.66269047619048,52.48125,2.91766660714832,1378.05,7.7328,0,6.0045,11.0485,0,93,19,55.5405,26.5389,3.4389,14936.8722,706.5061,34.9443,58,21.5128,2.4003
"43",12,2018,1466650867868.31,23725601.91,61817.224845627,5.80721198156682,10.5826612903226,3.70564513172083,1378.05,7.7328,0,6.0045,11.0485,0,93,19,55.5405,26.5389,3.4389,14936.8722,706.5061,34.9443,58,21.5128,2.4003
"44",1,2017,1061957817346.13,16384835.34,64813.4567915734,5.82242703533026,10.8366935483871,2.62954836687253,1524.728,9.8375,0,6.3681,10.8045,0,94,16,49.9419,24.8826,3.8982,14898.6384,677.0654,40.5745,61,18.8481,2.6203
"45",2,2017,2316756844729.63,41614674.9,55671.6314688698,5.86112244897959,17.1365791683036,3.62775000111183,1524.728,9.8375,0,6.3681,10.8045,0,94,16,49.9419,24.8826,3.8982,14898.6384,677.0654,40.5745,61,18.8481,2.6203
"46",3,2017,1771698221375.11,31357502.16,56499.9792501045,5.76532258064516,62.9284959092742,2.94519356566091,1524.728,9.8375,0,6.3681,10.8045,0,94,16,49.9419,24.8826,3.8982,14898.6384,677.0654,40.5745,61,18.8481,2.6203
"47",4,2017,4969284562241.75,99315198.3,50035.4895051521,5.60833333333333,482.511484745833,3.97629996488492,1524.728,9.8375,0,6.3681,10.8045,0,94,16,49.9419,24.8826,3.8982,14898.6384,677.0654,40.5745,61,18.8481,2.6203
"48",5,2017,2538013679391.55,43515199.14,58324.7630609728,5.69887096774194,1101.4097686621,5.8405806318286,1524.728,9.8375,0,6.3681,10.8045,0,94,16,49.9419,24.8826,3.8982,14898.6384,677.0654,40.5745,61,18.8481,2.6203
"49",6,2017,1400279126761.43,23094025.8,60633.8253402935,5.90008333333333,1681.02083333333,5.7355334063371,1524.728,9.8375,0,6.3681,10.8045,0,94,16,49.9419,24.8826,3.8982,14898.6384,677.0654,40.5745,61,18.8481,2.6203
"50",7,2017,1729434803089.95,36038284.92,47988.8209699505,6.02322580645161,1583.72580645161,4.858290298211,1524.728,9.8375,0,6.3681,10.8045,0,94,16,49.9419,24.8826,3.8982,14898.6384,677.0654,40.5745,61,18.8481,2.6203
"51",8,2017,120472730961.236,1332595.02,90404.6084167685,6.21465437788018,1488.66733870968,2.89070971201234,1524.728,9.8375,0,6.3681,10.8045,0,94,16,49.9419,24.8826,3.8982,14898.6384,677.0654,40.5745,61,18.8481,2.6203
"52",9,2017,101907831762.678,1289176.71,79048.7688554952,6.27947619047619,1016.83541666667,2.23366664846738,1524.728,9.8375,0,6.3681,10.8045,0,94,16,49.9419,24.8826,3.8982,14898.6384,677.0654,40.5745,61,18.8481,2.6203
"53",10,2017,324112046604.315,5001934.44,64797.3400075822,6.07275,357.642137096774,4.12280650965629,1524.728,9.8375,0,6.3681,10.8045,0,94,16,49.9419,24.8826,3.8982,14898.6384,677.0654,40.5745,61,18.8481,2.6203
"54",11,2017,906603968317.584,14331953.9543478,63257.5272852137,5.94309523809524,100.40625,3.15349998076757,1524.728,9.8375,0,6.3681,10.8045,0,94,16,49.9419,24.8826,3.8982,14898.6384,677.0654,40.5745,61,18.8481,2.6203
"55",12,2017,1488936087695.85,24773049.39,60103.060558095,5.73453149001536,9.02620967741935,4.12845160571798,1524.728,9.8375,0,6.3681,10.8045,0,94,16,49.9419,24.8826,3.8982,14898.6384,677.0654,40.5745,61,18.8481,2.6203
"56",1,2016,1272124442695.77,22564524.84,56377.187275873,5.6760599078341,3.1875,1.81458069612422,1229.993,7.5496,0,6.9651,10.4351,0,94,20,55.4444,23.1399,2.948,15816.6828,703.0479,36.8061,68,19.5236,1.7728
"57",2,2016,3014370282409.87,47515850.22,63439.258025548,5.70206896551724,33.4391859491379,4.96827580445799,1229.993,7.5496,0,6.9651,10.4351,0,94,20,55.4444,23.1399,2.948,15816.6828,703.0479,36.8061,68,19.5236,1.7728
"58",3,2016,2490710924362.14,43551468.99,57190.0554016684,5.58354838709677,154.731961879032,3.27190319730359,1229.993,7.5496,0,6.9651,10.4351,0,94,20,55.4444,23.1399,2.948,15816.6828,703.0479,36.8061,68,19.5236,1.7728
"59",4,2016,1926533049843.23,30851400.96,62445.5613001513,5.70885714285714,458.1557756375,2.42589996059736,1229.993,7.5496,0,6.9651,10.4351,0,94,20,55.4444,23.1399,2.948,15816.6828,703.0479,36.8061,68,19.5236,1.7728
"60",5,2016,1583370710225.72,22104655.17,71630.6451310149,5.76497695852535,1385.42786888065,2.70719355729318,1229.993,7.5496,0,6.9651,10.4351,0,94,20,55.4444,23.1399,2.948,15816.6828,703.0479,36.8061,68,19.5236,1.7728
"61",6,2016,729254008660.32,10475149.68,69617.5263302128,5.96533333333333,1709.0875,3.78976665847003,1229.993,7.5496,0,6.9651,10.4351,0,94,20,55.4444,23.1399,2.948,15816.6828,703.0479,36.8061,68,19.5236,1.7728
"62",7,2016,366413020628.276,4097693.31,89419.337395037,6.14935483870968,1645.42338709677,3.95893546073667,1229.993,7.5496,0,6.9651,10.4351,0,94,20,55.4444,23.1399,2.948,15816.6828,703.0479,36.8061,68,19.5236,1.7728
"63",8,2016,341221743519.952,4889472.03,69787.0325111466,6.1,1504.45564516129,4.49674190204936,1229.993,7.5496,0,6.9651,10.4351,0,94,20,55.4444,23.1399,2.948,15816.6828,703.0479,36.8061,68,19.5236,1.7728
"64",9,2016,53865281841.225,540930.96,99578.8479942523,6.37,975.748958333333,1.5106333365043,1229.993,7.5496,0,6.9651,10.4351,0,94,20,55.4444,23.1399,2.948,15816.6828,703.0479,36.8061,68,19.5236,1.7728
"65",10,2016,915624582607.325,18169060.86,50394.711628883,5.99774193548387,318.983870967742,5.1752903151416,1229.993,7.5496,0,6.9651,10.4351,0,94,20,55.4444,23.1399,2.948,15816.6828,703.0479,36.8061,68,19.5236,1.7728
"66",11,2016,1909985693775.76,31509730.0995652,60615.7427480508,5.8725,118.727083333333,2.29919996081541,1229.993,7.5496,0,6.9651,10.4351,0,94,20,55.4444,23.1399,2.948,15816.6828,703.0479,36.8061,68,19.5236,1.7728
"67",12,2016,2878507154637.51,45988289.28,62592.1772630353,5.73055299539171,60.9576612903226,5.03580639673202,1229.993,7.5496,0,6.9651,10.4351,0,94,20,55.4444,23.1399,2.948,15816.6828,703.0479,36.8061,68,19.5236,1.7728
"68",1,2015,1055350806220.62,17168063.4,61471.7444613248,5.7073732718894,0,2.95419353150552,1306.448,9.4308,0,5.8304,11.6653,0,95,17,55.0256,24.9267,3.6491,15480.6026,706.007,32.6836,68,21.5624,2.5404
"69",2,2015,345205965642.814,4671862.29,73890.4411591323,5.87793367346939,0.368303571428571,1.97149996675684,1306.448,9.4308,0,5.8304,11.6653,0,95,17,55.0256,24.9267,3.6491,15480.6026,706.007,32.6836,68,21.5624,2.5404
"70",3,2015,502215998276.514,6993445.86,71812.3809535739,5.91684331797235,37.3099889495968,1.35406452429391,1306.448,9.4308,0,5.8304,11.6653,0,95,17,55.0256,24.9267,3.6491,15480.6026,706.007,32.6836,68,21.5624,2.5404
"71",4,2015,4516116291270.48,81490986.72,55418.5987069673,5.50197619047619,485.590817462083,2.32900000164906,1306.448,9.4308,0,5.8304,11.6653,0,95,17,55.0256,24.9267,3.6491,15480.6026,706.007,32.6836,68,21.5624,2.5404
"72",5,2015,759494109566.306,10923923.13,69525.7647392752,5.86781460475009,1349.94316055161,2.02938706727488,1306.448,9.4308,0,5.8304,11.6653,0,95,17,55.0256,24.9267,3.6491,15480.6026,706.007,32.6836,68,21.5624,2.5404
"73",6,2015,3345502925992.59,51764783.73,64628.9366037422,5.64080586080586,1742.30208333333,7.18356657528008,1306.448,9.4308,0,5.8304,11.6653,0,95,17,55.0256,24.9267,3.6491,15480.6026,706.007,32.6836,68,21.5624,2.5404
"74",7,2015,3032588380050.88,45175899.45,67128.4560345566,5.83675115207373,1682.86693548387,5.4773226109063,1306.448,9.4308,0,5.8304,11.6653,0,95,17,55.0256,24.9267,3.6491,15480.6026,706.007,32.6836,68,21.5624,2.5404
"75",8,2015,453384326625.393,7188055.35,63074.6849529188,5.98336559139785,1465.26814516129,2.54106451901457,1306.448,9.4308,0,5.8304,11.6653,0,95,17,55.0256,24.9267,3.6491,15480.6026,706.007,32.6836,68,21.5624,2.5404
"76",9,2015,447901891549.249,8154745.83,54925.303729454,6.17584126984127,897.09375,4.51039999425411,1306.448,9.4308,0,5.8304,11.6653,0,95,17,55.0256,24.9267,3.6491,15480.6026,706.007,32.6836,68,21.5624,2.5404
"77",10,2015,2378820146582.55,37638025.68,63202.5751511883,5.99308755760369,273.387096774194,5.6404516268484,1306.448,9.4308,0,5.8304,11.6653,0,95,17,55.0256,24.9267,3.6491,15480.6026,706.007,32.6836,68,21.5624,2.5404
"78",11,2015,1354014077954.51,20491943.6256522,66075.4344580339,5.91904761904762,40.95625,3.24510004400897,1306.448,9.4308,0,5.8304,11.6653,0,95,17,55.0256,24.9267,3.6491,15480.6026,706.007,32.6836,68,21.5624,2.5404
"79",12,2015,2941530479736.37,48800123.07,60277.1119145944,5.68652073732719,11.2842741935484,4.61912903189659,1306.448,9.4308,0,5.8304,11.6653,0,95,17,55.0256,24.9267,3.6491,15480.6026,706.007,32.6836,68,21.5624,2.5404
"80",1,2014,2721451621816.65,42405103.35,64177.4552311439,5.61841589861751,1.88508064516129,3.32222578631744,1336.816,9.2217,0,5.5674,11.2174,0,93,8,48.6154,24.3501,4.8355,13954.9407,670.7286,34.8088,58,18.2866,2.9847
"81",2,2014,482863870014.046,6458516.52,74763.8979506776,5.85933673469388,2.52232142857143,2.94203568615402,1336.816,9.2217,0,5.5674,11.2174,0,93,8,48.6154,24.3501,4.8355,13954.9407,670.7286,34.8088,58,18.2866,2.9847
"82",3,2014,551127654838.913,7801707.75,70641.9251399045,5.96440092165899,39.2856598709677,3.6894838678981,1336.816,9.2217,0,5.5674,11.2174,0,93,8,48.6154,24.3501,4.8355,13954.9407,670.7286,34.8088,58,18.2866,2.9847
"83",4,2014,8317485096878.12,139935227.67,59438.1074399128,5.43,358.952819365,2.23310000393152,1336.816,9.2217,0,5.5674,11.2174,0,93,8,48.6154,24.3501,4.8355,13954.9407,670.7286,34.8088,58,18.2866,2.9847
"84",5,2014,3270255916885.51,51955703.01,62943.155946828,5.60036866359447,1219.86391550484,3.74958060566156,1336.816,9.2217,0,5.5674,11.2174,0,93,8,48.6154,24.3501,4.8355,13954.9407,670.7286,34.8088,58,18.2866,2.9847
"85",6,2014,2713932544177.74,34907668.77,77746.0265839958,5.93845238095238,1621.44791666667,4.73113342002034,1336.816,9.2217,0,5.5674,11.2174,0,93,8,48.6154,24.3501,4.8355,13954.9407,670.7286,34.8088,58,18.2866,2.9847
"86",7,2014,1430463493270.71,18269205.21,78299.163911505,5.91905529953917,1597.1814516129,5.90977419528269,1336.816,9.2217,0,5.5674,11.2174,0,93,8,48.6154,24.3501,4.8355,13954.9407,670.7286,34.8088,58,18.2866,2.9847
"87",8,2014,1403357307055.71,17941491.15,78218.5435604505,6.06078341013825,1373.07056451613,2.33283876306227,1336.816,9.2217,0,5.5674,11.2174,0,93,8,48.6154,24.3501,4.8355,13954.9407,670.7286,34.8088,58,18.2866,2.9847
"88",9,2014,173634644193.924,2101138.71,82638.35384477,6.26409523809524,811.80625,1.36636666827835,1336.816,9.2217,0,5.5674,11.2174,0,93,8,48.6154,24.3501,4.8355,13954.9407,670.7286,34.8088,58,18.2866,2.9847
"89",10,2014,663669475648.57,8643462.18,76782.828666067,6.20124423963134,284.608840443548,1.32238706033076,1336.816,9.2217,0,5.5674,11.2174,0,93,8,48.6154,24.3501,4.8355,13954.9407,670.7286,34.8088,58,18.2866,2.9847
"90",11,2014,2742688260717.88,45660414.5230435,60067.0907035617,5.88145238095238,42.9104166666667,4.72303335590598,1336.816,9.2217,0,5.5674,11.2174,0,93,8,48.6154,24.3501,4.8355,13954.9407,670.7286,34.8088,58,18.2866,2.9847
"91",12,2014,1660401897737.67,25606385.4,64843.275292485,5.73626152073733,6.66733870967742,2.77974192077114,1336.816,9.2217,0,5.5674,11.2174,0,93,8,48.6154,24.3501,4.8355,13954.9407,670.7286,34.8088,58,18.2866,2.9847
"92",1,2013,1919598284210.24,34843405.35,55092.1548834846,5.71838709677419,2.58266129032258,1.7618709686062,1201.474,6.6952,0,6.4677,10.9753,0,93,8,55.9429,24.4912,2.8164,13791.0064,630.3461,32.1122,60,19.8558,1.8539
"93",2,2013,1113280849502.9,18060092.52,61643.1420974196,5.78492346938776,11.3526785714286,2.42782138061011,1201.474,6.6952,0,6.4677,10.9753,0,93,8,55.9429,24.4912,2.8164,13791.0064,630.3461,32.1122,60,19.8558,1.8539
"94",3,2013,2447290650822.44,36251542.08,67508.5944046671,5.78571428571429,68.1377334455645,2.40170969327371,1201.474,6.6952,0,6.4677,10.9753,0,93,8,55.9429,24.4912,2.8164,13791.0064,630.3461,32.1122,60,19.8558,1.8539
"95",4,2013,4134684674553.35,67691796.6,61081.0302315621,5.59638095238095,534.930538225417,2.12016665892055,1201.474,6.6952,0,6.4677,10.9753,0,93,8,55.9429,24.4912,2.8164,13791.0064,630.3461,32.1122,60,19.8558,1.8539
"96",5,2013,2149541423350.19,33174784.98,64794.4342260568,5.75414746543779,1131.95001462016,4.33209683433656,1201.474,6.6952,0,6.4677,10.9753,0,93,8,55.9429,24.4912,2.8164,13791.0064,630.3461,32.1122,60,19.8558,1.8539
"97",6,2013,2123937999329.39,35454626.28,59905.8070040214,5.8405,1436.35416666667,4.95020002660652,1201.474,6.6952,0,6.4677,10.9753,0,93,8,55.9429,24.4912,2.8164,13791.0064,630.3461,32.1122,60,19.8558,1.8539
"98",7,2013,2888486935402.71,42259718.01,68350.833167396,5.88758064516129,1574.45564516129,5.74554829155245,1201.474,6.6952,0,6.4677,10.9753,0,93,8,55.9429,24.4912,2.8164,13791.0064,630.3461,32.1122,60,19.8558,1.8539
"99",8,2013,600659290523.049,8006857.08,75018.1106670945,6.0979435483871,1365.40725806452,2.92567742039119,1201.474,6.6952,0,6.4677,10.9753,0,93,8,55.9429,24.4912,2.8164,13791.0064,630.3461,32.1122,60,19.8558,1.8539
"100",9,2013,822237631871.808,10794260.7,76173.5939796051,6.11945833333333,808.563019808333,4.01176663640266,1201.474,6.6952,0,6.4677,10.9753,0,93,8,55.9429,24.4912,2.8164,13791.0064,630.3461,32.1122,60,19.8558,1.8539
"101",10,2013,4437868756858.09,70005821.6720359,63392.8529208423,5.79599078341014,243.151209677419,5.96558056663226,1201.474,6.6952,0,6.4677,10.9753,0,93,8,55.9429,24.4912,2.8164,13791.0064,630.3461,32.1122,60,19.8558,1.8539
"102",11,2013,1620226529311.98,24166799.1992967,67043.488711535,5.83119047619048,55.5,0.576866674919923,1201.474,6.6952,0,6.4677,10.9753,0,93,8,55.9429,24.4912,2.8164,13791.0064,630.3461,32.1122,60,19.8558,1.8539
"103",12,2013,2718001510184.15,45288182.952,60015.6891493063,5.65479262672811,10.7258064516129,5.14696764350388,1201.474,6.6952,0,6.4677,10.9753,0,93,8,55.9429,24.4912,2.8164,13791.0064,630.3461,32.1122,60,19.8558,1.8539
"104",1,2012,2036365940877.5,32295258.4193407,63054.6414720118,5.68829493087558,4.1491935483871,3.50419352682788,1375.782,9.0461,0,7.6578,9.8811,0,93,9,52.375,25.3688,2.9975,14664.7691,666.2762,36.9067,63,20.527,2.378
"105",2,2012,907067295952.714,13536115.8685714,67010.8991944115,5.77261083743842,34.5877818306034,0.824034484296009,1375.782,9.0461,0,7.6578,9.8811,0,93,9,52.375,25.3688,2.9975,14664.7691,666.2762,36.9067,63,20.527,2.378
"106",3,2012,4234486536130.32,72743252.3968831,58211.3996364528,5.61497695852535,195.475970330444,2.00367741430959,1375.782,9.0461,0,7.6578,9.8811,0,93,9,52.375,25.3688,2.9975,14664.7691,666.2762,36.9067,63,20.527,2.378
"107",4,2012,2248838689848.3,37900220.4418065,59335.7680676624,5.62571428571429,509.716112078125,3.13616663906335,1375.782,9.0461,0,7.6578,9.8811,0,93,9,52.375,25.3688,2.9975,14664.7691,666.2762,36.9067,63,20.527,2.378
"108",5,2012,6461428221358.89,102092074.454697,63290.2040229,5.6858064516129,1275.75529650081,5.65193539761728,1375.782,9.0461,0,7.6578,9.8811,0,93,9,52.375,25.3688,2.9975,14664.7691,666.2762,36.9067,63,20.527,2.378
"109",6,2012,3681944084413.94,62742281.1778212,58683.6183717762,5.73509523809524,1693.05625,4.34096671925702,1375.782,9.0461,0,7.6578,9.8811,0,93,9,52.375,25.3688,2.9975,14664.7691,666.2762,36.9067,63,20.527,2.378
"110",7,2012,250965363313.95,3029136.61371429,82850.4604835963,6.08935483870968,1526.23185483871,3.46277416916564,1375.782,9.0461,0,7.6578,9.8811,0,93,9,52.375,25.3688,2.9975,14664.7691,666.2762,36.9067,63,20.527,2.378
"111",8,2012,2659122238465.16,39846260.4137663,66734.5495123671,5.97966589861751,1434.28225806452,5.70399996061479,1375.782,9.0461,0,7.6578,9.8811,0,93,9,52.375,25.3688,2.9975,14664.7691,666.2762,36.9067,63,20.527,2.378
"112",9,2012,3750125208172.82,49172347.9967473,76264.9204471767,5.99408333333333,748.139583333333,4.52173329840104,1375.782,9.0461,0,7.6578,9.8811,0,93,9,52.375,25.3688,2.9975,14664.7691,666.2762,36.9067,63,20.527,2.378
"113",10,2012,4508486781102.06,76934951.1432727,58601.2821754588,5.63815668202765,236.621297508065,6.06416127950914,1375.782,9.0461,0,7.6578,9.8811,0,93,9,52.375,25.3688,2.9975,14664.7691,666.2762,36.9067,63,20.527,2.378
"114",11,2012,2278576785908.5,35259236.7565714,64623.5425241822,5.793,86.1583333333333,3.89023331450298,1375.782,9.0461,0,7.6578,9.8811,0,93,9,52.375,25.3688,2.9975,14664.7691,666.2762,36.9067,63,20.527,2.378
"115",12,2012,3639064105321.74,58097001.1968,62637.727083273,5.60778801843318,11.6532258064516,3.75216132979239,1375.782,9.0461,0,7.6578,9.8811,0,93,9,52.375,25.3688,2.9975,14664.7691,666.2762,36.9067,63,20.527,2.378
"116",1,2011,1043545489096.38,16274717.928,64120.6498148272,5.72709677419355,0.548387096774194,2.04048382964796,1647.286,10.2129,0,6.8687,10.7871,0,93,21,50.4737,25.4471,3.5221,13752.3762,665.1994,31.5477,62,20.3837,2.554
"117",2,2011,664732107389.363,9293203.872,71528.8415647666,5.87571428571429,2.74776785714286,2.9922143135752,1647.286,10.2129,0,6.8687,10.7871,0,93,21,50.4737,25.4471,3.5221,13752.3762,665.1994,31.5477,62,20.3837,2.554
"118",3,2011,4700818920204.78,86814887.4582857,54147.6129018022,5.44364055299539,34.8937211955645,5.17019348170969,1647.286,10.2129,0,6.8687,10.7871,0,93,21,50.4737,25.4471,3.5221,13752.3762,665.1994,31.5477,62,20.3837,2.554
"119",4,2011,6963109364816.76,157866611.593439,44107.5493705356,5.30233333333333,345.07970276125,5.62060002187888,1647.286,10.2129,0,6.8687,10.7871,0,93,21,50.4737,25.4471,3.5221,13752.3762,665.1994,31.5477,62,20.3837,2.554
"120",5,2011,3461316455118.75,61022401.4739429,56722.0622511352,5.47797235023041,1241.90335259677,4.16490330426924,1647.286,10.2129,0,6.8687,10.7871,0,93,21,50.4737,25.4471,3.5221,13752.3762,665.1994,31.5477,62,20.3837,2.554
"121",6,2011,998678370017.429,15081608.5134201,66218.2929048165,5.80788095238095,1568.39583333333,3.58113342324893,1647.286,10.2129,0,6.8687,10.7871,0,93,21,50.4737,25.4471,3.5221,13752.3762,665.1994,31.5477,62,20.3837,2.554
"122",7,2011,269910068170.524,3187575.09942857,84675.6734355562,6.14092165898618,1601.58467741935,2.20380645413553,1647.286,10.2129,0,6.8687,10.7871,0,93,21,50.4737,25.4471,3.5221,13752.3762,665.1994,31.5477,62,20.3837,2.554
"123",8,2011,3757613508446.03,71311384.6284453,52693.0381176073,5.77052419354839,1357.71975806452,9.43261305326896,1647.286,10.2129,0,6.8687,10.7871,0,93,21,50.4737,25.4471,3.5221,13752.3762,665.1994,31.5477,62,20.3837,2.554
"124",9,2011,2251746327606.77,37709552.5373164,59712.8890717677,5.65202976190476,758.114691748333,5.10223328232144,1647.286,10.2129,0,6.8687,10.7871,0,93,21,50.4737,25.4471,3.5221,13752.3762,665.1994,31.5477,62,20.3837,2.554
"125",10,2011,5033874510992.92,77483694.4927524,64966.888116877,5.72976958525346,195.596774193548,8.85074194975858,1647.286,10.2129,0,6.8687,10.7871,0,93,21,50.4737,25.4471,3.5221,13752.3762,665.1994,31.5477,62,20.3837,2.554
"126",11,2011,3000547134212.95,46895845.5711801,63983.2185061813,5.61461904761905,48.8229166666667,3.56020006611943,1647.286,10.2129,0,6.8687,10.7871,0,93,21,50.4737,25.4471,3.5221,13752.3762,665.1994,31.5477,62,20.3837,2.554
"127",12,2011,4641547563886.9,79907624.7864615,58086.4163625259,5.46278801843318,3.67137096774194,3.9872581593452,1647.286,10.2129,0,6.8687,10.7871,0,93,21,50.4737,25.4471,3.5221,13752.3762,665.1994,31.5477,62,20.3837,2.554
